{
    "a": {
        "a": {
            "cost": 0,
            "route": [
                "a"
            ]
        },
        "b": {
            "cost": 282.842712474619,
            "route": [
                "a",
                "b"
            ]
        },
        "c": {
            "cost": 412.31056256176606,
            "route": [
                "a",
                "c"
            ]
        },
        "d": {
            "cost": 447.21359549995793,
            "route": [
                "a",
                "d"
            ]
        },
        "e": {
            "cost": 728.538328578604,
            "route": [
                "a",
                "c",
                "e"
            ]
        },
        "f": {
            "cost": 995.4057520462961,
            "route": [
                "a",
                "c",
                "f"
            ]
        }
    },
    "b": {
        "a": {
            "cost": 282.842712474619,
            "route": [
                "b",
                "a"
            ]
        },
        "b": {
            "cost": 0,
            "route": [
                "b"
            ]
        },
        "c": {
            "cost": 695.1532750363851,
            "route": [
                "b",
                "a",
                "c"
            ]
        },
        "d": {
            "cost": 730.056307974577,
            "route": [
                "b",
                "a",
                "d"
            ]
        },
        "e": {
            "cost": 1011.381041053223,
            "route": [
                "b",
                "a",
                "c",
                "e"
            ]
        },
        "f": {
            "cost": 1278.2484645209151,
            "route": [
                "b",
                "a",
                "c",
                "f"
            ]
        }
    },
    "c": {
        "a": {
            "cost": 412.31056256176606,
            "route": [
                "c",
                "a"
            ]
        },
        "b": {
            "cost": 695.1532750363851,
            "route": [
                "c",
                "a",
                "b"
            ]
        },
        "c": {
            "cost": 0,
            "route": [
                "c"
            ]
        },
        "d": {
            "cost": 538.5164807134504,
            "route": [
                "c",
                "d"
            ]
        },
        "e": {
            "cost": 316.22776601683796,
            "route": [
                "c",
                "e"
            ]
        },
        "f": {
            "cost": 583.09518948453,
            "route": [
                "c",
                "f"
            ]
        }
    },
    "d": {
        "a": {
            "cost": 447.21359549995793,
            "route": [
                "d",
                "a"
            ]
        },
        "b": {
            "cost": 730.056307974577,
            "route": [
                "d",
                "a",
                "b"
            ]
        },
        "c": {
            "cost": 538.5164807134504,
            "route": [
                "d",
                "c"
            ]
        },
        "d": {
            "cost": 0,
            "route": [
                "d"
            ]
        },
        "e": {
            "cost": 854.7442467302883,
            "route": [
                "d",
                "c",
                "e"
            ]
        },
        "f": {
            "cost": 1121.6116701979804,
            "route": [
                "d",
                "c",
                "f"
            ]
        }
    },
    "e": {
        "a": {
            "cost": 728.538328578604,
            "route": [
                "e",
                "c",
                "a"
            ]
        },
        "b": {
            "cost": 1011.381041053223,
            "route": [
                "e",
                "c",
                "a",
                "b"
            ]
        },
        "c": {
            "cost": 316.22776601683796,
            "route": [
                "e",
                "c"
            ]
        },
        "d": {
            "cost": 854.7442467302883,
            "route": [
                "e",
                "c",
                "d"
            ]
        },
        "e": {
            "cost": 0,
            "route": [
                "e"
            ]
        },
        "f": {
            "cost": 899.3229555013679,
            "route": [
                "e",
                "c",
                "f"
            ]
        }
    },
    "f": {
        "a": {
            "cost": 995.4057520462961,
            "route": [
                "f",
                "c",
                "a"
            ]
        },
        "b": {
            "cost": 1278.2484645209151,
            "route": [
                "f",
                "c",
                "a",
                "b"
            ]
        },
        "c": {
            "cost": 583.09518948453,
            "route": [
                "f",
                "c"
            ]
        },
        "d": {
            "cost": 1121.6116701979804,
            "route": [
                "f",
                "c",
                "d"
            ]
        },
        "e": {
            "cost": 899.3229555013679,
            "route": [
                "f",
                "c",
                "e"
            ]
        },
        "f": {
            "cost": 0,
            "route": [
                "f"
            ]
        }
    }
}